ref	pos	strand	u	d	ur	pval	passed
1	631436	+	5	12	0.4166666666666667	2.4322691908699043e-10	true
1	944475	+	84	196	0.42857142857142855	4.560132212846282e-154	true
1	999131	-	8	155	0.05161290322580645	4.4771496430952077e-8	true
1	1014332	+	41	348	0.11781609195402298	4.623354819103427e-50	true
1	1046450	+	7	98	0.07142857142857142	3.35210190696232e-8	true
1	1048884	+	20	104	0.19230769230769232	9.499029056841917e-30	true
1	1055549	+	37	309	0.11974110032362459	1.3068520420882333e-45	true
1	1231569	-	8	73	0.1095890410958904	1.1008590111703238e-10	true
1	1314332	-	24	133	0.18045112781954886	1.132323482936559e-34	true
1	1336315	-	17	94	0.18085106382978725	5.10039002863517e-25	true
1	1342389	-	11	71	0.15492957746478872	6.645597648088464e-16	true
1	1599638	-	6	73	0.0821917808219178	1.4019324919615694e-7	true
1	2050585	+	7	15	0.4666666666666667	1.960418480256638e-14	true
1	2193835	-	7	109	0.06422018348623854	7.004458887713959e-8	true
1	3884220	+	4	8	0.5	6.869722994141171e-9	false
1	6099974	+	10	128	0.078125	1.5823535777798126e-11	true
1	6221386	-	16	192	0.08333333333333333	4.908503806538566e-18	true
1	10379873	+	5	15	0.3333333333333333	9.149837732404832e-10	true
1	10630313	+	9	80	0.1125	5.8778546674581815e-12	true
1	16396171	+	13	576	0.022569444444444444	6.390017849364153e-8	true
1	16396655	+	305	370	0.8243243243243243	0.0	true
1	16987123	-	21	117	0.1794871794871795	1.7723701889428326e-30	true
1	17033138	-	15	596	0.025167785234899327	1.4999265530880265e-9	true
1	18872033	-	5	14	0.35714285714285715	6.115962946105801e-10	true
1	19311960	-	31	261	0.11877394636015326	2.2916572062835025e-38	true
1	20485523	-	9	16	0.5625	3.477774444317954e-19	true
1	20652451	-	10	121	0.08264462809917356	9.004433151655e-12	true
1	20652513	-	14	419	0.03341288782816229	1.395478777238311e-10	true
1	21217834	-	11	139	0.07913669064748201	1.3319518005277938e-12	true
1	26879705	-	8	125	0.064	8.327422647385233e-9	true
1	28536007	+	11	149	0.0738255033557047	2.857303123521419e-12	true
1	31424844	+	8	96	0.08333333333333333	1.0181947533751507e-9	true
1	31635482	-	57	139	0.41007194244604317	1.0811994275627244e-103	true
1	32197375	+	6	55	0.10909090909090909	2.5063114119767915e-8	true
1	32336019	-	30	424	0.07075471698113207	2.453596543243899e-30	true
1	32775814	-	23	459	0.05010893246187364	2.9604385053381594e-20	true
1	35192634	-	10	226	0.04424778761061947	4.124989043479531e-9	true
1	35565373	+	26	71	0.36619718309859156	1.4530063374937527e-46	true
1	36180761	+	18	82	0.21951219512195122	4.646419140039004e-28	true
1	37808098	+	12	78	0.15384615384615385	3.490849702076498e-17	true
1	38991487	+	24	168	0.14285714285714285	4.499350240377745e-32	true
1	40980141	+	8	12	0.6666666666666666	4.810482716641436e-18	true
1	41028080	-	13	27	0.48148148148148145	5.918427587052762e-26	true
1	42766676	-	44	115	0.3826086956521739	9.44373767366149e-79	true
1	43453698	-	6	17	0.35294117647058826	1.1857485293721202e-11	true
1	43591170	+	11	22	0.5	2.1098640666727831e-22	true
1	43622129	+	6	70	0.08571428571428572	1.0885814297520043e-7	true
1	46041288	-	5	53	0.09433962264150944	7.912866652026047e-7	true
1	51236583	+	14	107	0.1308411214953271	8.969662448299827e-19	true
1	51251139	-	4	12	0.3333333333333333	4.809037524617614e-8	true
1	52355798	-	15	79	0.189873417721519	1.3654443583885531e-22	true
1	108637795	+	16	169	0.09467455621301775	6.233934359316511e-19	true
1	109310951	-	3	5	0.6	3.126911555892542e-7	false
1	111443904	-	23	324	0.07098765432098765	1.1628790026889148e-23	true
1	111447110	-	20	291	0.06872852233676977	1.6939098440310358e-20	true
1	111448684	-	14	304	0.046052631578947366	2.0133879220413157e-12	true
1	119919488	-	8	108	0.07407407407407407	2.613782974617e-9	true
1	151340934	-	13	221	0.058823529411764705	5.619163340772275e-13	true
1	151776098	-	6	28	0.21428571428571427	3.503704911267855e-10	true
1	153752384	+	7	34	0.20588235294117646	1.5550863803868586e-11	true
1	154963697	-	13	250	0.052	2.675485750289643e-12	true
1	155057035	+	12	295	0.04067796610169491	3.09151244556184e-10	true
1	155057682	+	82	343	0.239067055393586	1.5910340132787924e-125	true
1	155057683	+	16	332	0.04819277108433735	2.726163057893946e-14	true
1	156743366	-	593	1066	0.5562851782363978	0.0	true
1	160997321	-	4	18	0.2222222222222222	2.9281650784341864e-7	true
1	165827619	+	11	172	0.06395348837209303	1.3655314866159886e-11	true
1	180154981	+	31	110	0.2818181818181818	5.0121606444542396e-51	true
1	180175957	+	7	87	0.08045977011494253	1.4594075604664178e-8	true
1	180190493	+	7	41	0.17073170731707318	6.374454002647692e-11	true
1	183116807	+	8	100	0.08	1.4129880442178341e-9	true
1	183117338	+	9	131	0.06870229007633588	5.185225607133841e-10	true
1	183533767	+	11	70	0.15714285714285714	5.632269484546505e-16	true
1	194189298	+	8	22	0.36363636363636365	3.0215273678334106e-15	true
1	198157073	+	17	35	0.4857142857142857	1.3106191585494897e-33	true
1	201485355	-	21	1204	0.01744186046511628	7.00439487206679e-10	false
1	203024285	+	4	16	0.25	1.7504027933823147e-7	true
1	206733544	+	16	121	0.1322314049586777	2.5289821909037495e-21	true
1	214281206	+	9	67	0.13432835820895522	1.1244967518251945e-12	true
1	228098911	+	14	715	0.019580419580419582	1.1418994036129321e-7	false
1	229490008	-	14	146	0.0958904109589041	7.9244200706186e-17	true
1	230425843	-	7	35	0.2	1.9384973979558865e-11	true
1	230906462	-	4	21	0.19047619047619047	5.683952522626055e-7	true
1	231040032	-	9	171	0.05263157894736842	5.44661620363236e-9	true
1	234430277	-	9	118	0.07627118644067797	2.0346266687193875e-10	true
1	235504214	-	15	83	0.18072289156626506	3.0447901330111785e-22	true
1	237603245	+	4	8	0.5	6.869722994141171e-9	false
1	241848300	+	6	40	0.15	3.4557426730953045e-9	true
1	241993440	+	4	13	0.3076923076923077	6.928867313743165e-8	true
1	248848474	+	29	100	0.29	2.966823124411725e-48	true
1	248850173	-	17	56	0.30357142857142855	2.6586170435249176e-29	true
10	809755	-	6	33	0.18181818181818182	1.016209360642059e-9	true
10	5853735	-	5	19	0.2631578947368421	3.5058481406495376e-9	true
10	5853736	-	6	19	0.3157894736842105	2.5854921613941187e-11	true
10	13347587	-	5	9	0.5555555555555556	3.9001937148886934e-11	false
10	14520308	-	21	127	0.16535433070866143	1.1290373878137161e-29	true
10	32056117	-	55	477	0.11530398322851153	4.870482158016778e-66	true
10	70146440	-	9	54	0.16666666666666666	1.4511737553027128e-13	true
10	70146619	-	14	96	0.14583333333333334	1.8229175299529471e-19	true
10	74107254	+	8	187	0.0427807486631016	1.8971982716833765e-7	true
10	97498275	-	21	52	0.40384615384615385	5.283096849674655e-39	true
10	97717225	+	7	112	0.0625	8.44623016482471e-8	true
10	97717659	+	6	85	0.07058823529411765	3.4871208064943676e-7	true
10	101032379	+	4	14	0.2857142857142857	9.67595038745601e-8	true
10	103594572	+	8	17	0.47058823529411764	2.3295420681790087e-16	true
10	109882554	-	6	98	0.061224489795918366	8.103818632105299e-7	true
10	123155058	+	41	468	0.0876068376068376	1.1514390192012688e-44	true
10	132228011	-	15	27	0.5555555555555556	5.135405874542993e-31	true
10	133281377	-	12	99	0.12121212121212122	6.988923973273838e-16	true
10	133308937	+	9	106	0.08490566037735849	7.731594631063144e-11	true
10	133355496	-	9	15	0.6	1.525858829983462e-19	true
10	133362751	-	26	485	0.05360824742268041	1.9809698996007196e-23	true
10	133394269	+	12	111	0.10810810810810811	2.8793028135543796e-15	true
11	764334	+	32	585	0.0547008547008547	9.733271461678753e-29	true
11	1752919	-	14	151	0.09271523178807947	1.2789640973872456e-16	true
11	1753180	-	8	211	0.037914691943127965	4.74413523650382e-7	true
11	1759550	-	61	239	0.25523012552301255	8.530681793630489e-96	true
11	3827134	-	19	51	0.37254901960784315	1.335856598999345e-34	true
11	4092692	+	11	53	0.20754716981132076	2.0840694931450996e-17	true
11	6478043	-	21	449	0.0467706013363029	5.044579084703379e-18	true
11	6612053	-	8	188	0.0425531914893617	1.9759968014313308e-7	true
11	6618908	-	6	37	0.16216216216216217	2.1100765700385185e-9	true
11	8947419	-	7	103	0.06796116504854369	4.7352084957401797e-8	true
11	14358990	-	14	96	0.14583333333333334	1.8229175299529471e-19	true
11	18506890	-	14	136	0.10294117647058823	2.8779600964305365e-17	true
11	20055917	+	11	38	0.2894736842105263	3.4360603988015952e-19	true
11	32091254	+	12	25	0.48	4.878151762522047e-24	true
11	35620156	+	9	127	0.07086614173228346	3.9314222897328053e-10	true
11	46672265	+	8	185	0.043243243243243246	1.7476521553686198e-7	true
11	46673337	+	7	34	0.20588235294117646	1.5550863803868586e-11	true
11	46678359	-	10	59	0.1694915254237288	5.3411800301449e-15	true
11	47410244	+	7	145	0.04827586206896552	4.914719830279956e-7	true
11	47415978	+	7	90	0.07777777777777778	1.8506558820494343e-8	true
11	47418775	-	10	252	0.03968253968253968	1.162141785858131e-8	true
11	47617525	-	11	164	0.06707317073170732	8.142008930772027e-12	true
11	60850417	+	14	320	0.04375	4.00019343787513e-12	true
11	62559761	-	10	334	0.029940119760479042	1.6092403743745334e-7	true
11	62607803	-	5	54	0.09259259259259259	8.697455753890573e-7	true
11	63758891	+	31	67	0.4626865671641791	3.1573414337802433e-59	true
11	64285220	+	8	27	0.2962962962962963	2.0685249243636448e-14	true
11	64288441	+	42	56	0.75	5.0750752316794136e-93	true
11	64934090	+	4	16	0.25	1.7504027933823147e-7	true
11	65539224	-	22	78	0.28205128205128205	1.1406253456552498e-36	true
11	65547472	-	7	28	0.25	3.4798985930430247e-12	true
11	65584532	+	12	55	0.21818181818181817	3.770837549526022e-19	true
11	65780107	-	9	32	0.28125	8.147724914227655e-16	true
11	65891086	+	17	307	0.05537459283387622	4.394985730766277e-16	true
11	66070619	+	7	106	0.0660377358490566	5.7762782562482104e-8	true
11	66267483	+	7	11	0.6363636363636364	1.016520142110137e-15	true
11	66276687	+	34	99	0.3434343434343434	2.9162093476770863e-59	true
11	66685448	-	5	42	0.11904761904761904	2.414336647110091e-7	true
11	66868899	-	12	76	0.15789473684210525	2.5080365847365882e-17	true
11	67432774	+	44	101	0.43564356435643564	6.668607307246474e-82	true
11	67434620	+	18	115	0.1565217391304348	3.416869152446967e-25	true
11	68018540	+	10	160	0.0625	1.447372573091749e-10	true
11	68685628	+	12	493	0.02434077079107505	9.063235991709145e-8	true
11	72224888	+	22	224	0.09821428571428571	8.053971013034742e-26	true
11	72224889	+	39	217	0.17972350230414746	2.8708765623715424e-55	true
11	75815428	+	4	18	0.2222222222222222	2.9281650784341864e-7	true
11	102110832	+	7	26	0.2692307692307692	1.9439876491988844e-12	true
11	119308934	-	70	481	0.14553014553014554	5.699951957311987e-91	true
11	119309811	-	21	110	0.19090909090909092	4.350417592345999e-31	true
11	119310805	-	14	461	0.03036876355748373	4.795561985963677e-10	true
11	120228887	+	6	99	0.06060606060606061	8.603437676154051e-7	true
11	122655876	+	17	37	0.4594594594594595	4.566728775775082e-33	true
11	130129165	+	19	903	0.021040974529346623	2.1078618639944936e-10	true
11	134224897	+	11	103	0.10679611650485436	4.7189936591325626e-14	true
12	1495287	+	6	34	0.17647058823529413	1.2306361813930993e-9	true
12	6724690	+	44	302	0.1456953642384106	7.5371221312231e-58	true
12	6748225	-	5	54	0.09259259259259259	8.697455753890573e-7	true
12	6770667	+	6	83	0.07228915662650602	3.0257453321271593e-7	true
12	6863196	+	12	401	0.029925187032418952	9.613241683449842e-9	true
12	6867575	+	32	1316	0.0243161094224924	3.1284725385198672e-18	true
12	29343242	-	13	209	0.06220095693779904	2.7577844188730217e-13	true
12	31590827	-	14	14	1.0	9.700841631555615e-36	true
12	48137807	+	37	378	0.09788359788359788	2.7988953203843017e-42	true
12	52070204	+	10	191	0.05235602094240838	8.161569235343789e-10	true
12	52191885	-	10	155	0.06451612903225806	1.0587821840587055e-10	true
12	52241594	+	22	580	0.03793103448275862	6.568482862198785e-17	true
12	53102118	+	29	71	0.4084507042253521	1.7881514490468213e-53	true
12	53505256	+	16	90	0.17777777777777778	1.6639565750231876e-23	true
12	54351714	+	9	219	0.0410958904109589	4.6222651144693637e-8	true
12	55727232	-	17	952	0.017857142857142856	2.0005745739158972e-8	false
12	56272747	-	28	120	0.23333333333333334	1.2537573874510803e-43	true
12	56645912	-	91	2573	0.035367275553828216	3.6806089542338137e-62	true
12	57233580	+	29	596	0.04865771812080537	9.038565262383153e-25	true
12	57233581	+	58	602	0.09634551495016612	6.676824672152383e-65	true
12	64759303	-	11	81	0.13580246913580246	3.056960636030453e-15	true
12	76559476	-	35	46	0.7608695652173914	3.7803065739313836e-78	true
12	79689947	-	6	64	0.09375	6.326314924329928e-8	true
12	89708767	-	28	100	0.28	3.776482541731456e-46	true
12	98503550	+	8	11	0.7272727272727273	1.6080039276148207e-18	true
12	101877738	+	6	89	0.06741573033707865	4.5836079359725585e-7	true
12	105330862	+	12	190	0.06315789473684211	1.8804534320203163e-12	true
12	106997606	-	6	29	0.20689655172413793	4.405781447103278e-10	true
12	108646812	-	41	219	0.1872146118721461	8.315567217764408e-59	true
12	111692743	+	9	19	0.47368421052631576	2.784450481082077e-18	true
12	120282241	+	89	930	0.0956989247311828	2.3041603078892638e-98	true
12	123533908	-	6	14	0.42857142857142855	2.9006440843849784e-12	true
12	131139421	+	4	9	0.4444444444444444	1.2334299839735002e-8	false
12	132508341	+	4	23	0.17391304347826086	8.367265335682729e-7	true
13	27424848	+	10	369	0.02710027100271003	3.9975096385857426e-7	true
13	48081647	-	10	147	0.06802721088435375	6.27256302027578e-11	true
13	73059467	+	6	52	0.11538461538461539	1.7744224082531938e-8	true
13	98395326	+	5	25	0.2	1.5767960562630634e-8	true
13	110174661	-	10	33	0.30303030303030304	8.478505934943669e-18	true
13	110879210	-	6	96	0.0625	7.175649462786417e-7	true
13	110914890	-	12	22	0.5454545454545454	6.119179893166169e-25	true
13	113838821	+	4	13	0.3076923076923077	6.928867313743165e-8	true
14	21098517	-	5	25	0.2	1.5767960562630634e-8	true
14	22876167	+	9	147	0.061224489795918366	1.4422596029990966e-9	true
14	22901331	-	11	108	0.10185185185185185	8.045077926347605e-14	true
14	22973490	-	9	248	0.036290322580645164	1.3301625413336674e-7	true
14	24216985	-	69	841	0.08204518430439953	5.28007231727411e-72	true
14	31207110	-	16	36	0.4444444444444444	6.650965515751104e-31	true
14	55138061	+	12	372	0.03225806451612903	4.192263901215823e-9	true
14	55616579	+	11	284	0.03873239436619718	2.8013435166788993e-9	true
14	60153976	-	17	132	0.12878787878787878	2.324510093701149e-22	true
14	73950386	+	9	53	0.16981132075471697	1.212751133917206e-13	true
14	75437988	+	11	77	0.14285714285714285	1.7043117012119388e-15	true
14	77320779	-	30	36	0.8333333333333334	1.7918756264072795e-69	true
14	90766787	+	4	20	0.2	4.612919749731496e-7	true
14	92162992	+	4	18	0.2222222222222222	2.9281650784341864e-7	true
14	92748543	-	14	96	0.14583333333333334	1.8229175299529471e-19	true
14	102348513	-	53	134	0.39552238805970147	1.763242980523798e-95	true
14	102507560	-	13	135	0.0962962962962963	9.406584814625123e-16	true
14	103385551	+	7	53	0.1320754716981132	4.2281422595208805e-10	true
14	103571639	+	6	97	0.061855670103092786	7.628189543855756e-7	true
14	104176428	+	6	92	0.06521739130434782	5.57918849953449e-7	true
14	104176786	+	9	44	0.20454545454545456	1.9902919281072337e-14	true
14	104874891	+	4	6	0.6666666666666666	1.4795418381233207e-9	false
14	104894763	+	9	41	0.21951219512195122	9.91993926848966e-15	true
15	24978286	+	16	292	0.0547945205479452	3.738731185976226e-15	true
15	47730476	-	6	10	0.6	2.0505093930043045e-13	true
15	59662484	-	13	31	0.41935483870967744	6.014733311743918e-25	true
15	63157482	-	29	107	0.27102803738317754	2.866359810226785e-47	true
15	64963458	-	15	125	0.12	2.0034867585703855e-19	true
15	74458714	-	16	196	0.08163265306122448	6.8379045389838455e-18	true
15	74631046	-	24	65	0.36923076923076925	3.3309518491021036e-43	true
15	76215624	-	4	12	0.3333333333333333	4.809037524617614e-8	true
15	78292624	-	26	320	0.08125	4.593872367177209e-28	true
15	85138715	+	39	78	0.5	7.013068053366904e-76	true
15	89898836	-	8	26	0.3076923076923077	1.4597203050192876e-14	true
15	90882311	+	16	19	0.8421052631578947	9.276278681602392e-38	true
16	521112	+	12	40	0.3	5.016474442009414e-21	true
16	547453	+	5	28	0.17857142857142858	2.893848882390371e-8	true
16	570038	+	24	55	0.43636363636363634	2.1503013432343275e-45	true
16	636195	-	13	481	0.02702702702702703	7.872769530372858e-9	true
16	681472	+	40	664	0.060240963855421686	3.8171677252236115e-37	true
16	1362531	+	11	88	0.125	7.908180543399145e-15	true
16	1977166	+	9	113	0.07964601769911504	1.3779758115393518e-10	true
16	2175896	+	32	161	0.19875776397515527	3.643817431693337e-47	true
16	2176359	+	16	141	0.11347517730496454	3.2099789501927165e-20	true
16	2456714	+	6	72	0.08333333333333333	1.2901814259444154e-7	true
16	2967119	+	14	14	1.0	9.700841631555615e-36	true
16	4456199	+	10	360	0.027777777777777776	3.1939575784586635e-7	true
16	4513002	-	4	13	0.3076923076923077	6.928867313743165e-8	true
16	4847602	+	6	27	0.2222222222222222	2.7603679272669783e-10	true
16	18809409	-	10	99	0.10101010101010101	1.1808869898134841e-12	true
16	21599710	+	18	206	0.08737864077669903	1.778133657351192e-20	true
16	23523236	-	6	44	0.13636363636363635	6.287015310080561e-9	true
16	27461530	-	11	99	0.1111111111111111	3.01699837347572e-14	true
16	28211785	-	17	115	0.14782608695652175	1.984802523588537e-23	true
16	28842788	-	16	454	0.03524229074889868	3.138015182142873e-12	true
16	29694761	+	20	288	0.06944444444444445	1.3794329257031036e-20	true
16	29694802	+	9	212	0.04245283018867924	3.499866893012892e-8	true
16	29806635	+	22	321	0.06853582554517133	2.289216299098893e-22	true
16	29807125	+	45	689	0.06531204644412192	3.958116325314444e-43	true
16	29885649	-	8	28	0.2857142857142857	2.887817760380993e-14	true
16	29901666	+	4	9	0.4444444444444444	1.2334299839735002e-8	false
16	29968112	+	34	82	0.4146341463414634	1.0397419243392345e-62	true
16	30117206	-	16	38	0.42105263157894735	2.0120798318439543e-30	true
16	47143619	-	16	150	0.10666666666666667	8.886651201414183e-20	true
16	48352517	+	23	45	0.5111111111111111	1.1586337509473258e-45	true
16	57664087	+	42	94	0.44680851063829785	7.460539229266173e-79	true
16	57756913	+	11	118	0.09322033898305085	2.167761499216809e-13	true
16	58026201	+	8	18	0.4444444444444444	4.181418339773494e-16	true
16	58707671	-	17	545	0.031192660550458717	4.566074966275628e-12	true
16	66817474	-	10	328	0.03048780487804878	1.3621580717745986e-7	true
16	67164672	+	4	11	0.36363636363636365	3.214132580381309e-8	true
16	67280446	+	6	13	0.46153846153846156	1.662004264215662e-12	true
16	70356195	+	6	49	0.12244897959183673	1.2287293978877247e-8	true
16	74999134	+	6	80	0.075	2.4284790007657844e-7	true
16	74999144	+	7	100	0.07	3.857358685148384e-8	true
16	84061403	-	4	6	0.6666666666666666	1.4795418381233207e-9	false
16	87644422	+	5	32	0.15625	5.867498055412403e-8	true
16	88630552	+	14	154	0.09090909090909091	1.6906612399319538e-16	true
16	88643365	-	33	1048	0.03148854961832061	4.274406811141341e-22	true
16	88655363	-	44	168	0.2619047619047619	3.909602253115319e-70	true
16	88714869	+	5	34	0.14705882352941177	8.065059547416622e-8	true
16	88810479	-	75	772	0.09715025906735751	1.1175224405937496e-83	true
16	88824769	-	13	116	0.11206896551724138	1.2506881569662948e-16	true
16	89300488	-	5	31	0.16129032258064516	4.963727977121819e-8	true
16	89490461	-	27	182	0.14835164835164835	2.360306818321308e-36	true
16	89490462	-	48	185	0.2594594594594595	3.9062561529038364e-76	true
16	89553804	+	49	79	0.620253164556962	1.436662560891033e-101	true
16	89644746	-	7	155	0.04516129032258064	7.70006340199127e-7	true
16	89765038	-	11	33	0.3333333333333333	5.606981852362987e-20	true
16	89904916	+	4	6	0.6666666666666666	1.4795418381233207e-9	false
17	1422664	-	9	165	0.05454545454545454	3.985213024943598e-9	true
17	1646371	-	5	37	0.13513513513513514	1.253499807546862e-7	true
17	2694490	-	10	255	0.0392156862745098	1.2997849354586673e-8	true
17	3624202	-	9	22	0.4090909090909091	1.4865860867623066e-17	true
17	4822688	+	4	10	0.4	2.050530051731935e-8	true
17	7234459	-	12	22	0.5454545454545454	6.119179893166169e-25	true
17	7351381	+	8	56	0.14285714285714285	1.220109700177208e-11	true
17	7497814	+	6	85	0.07058823529411765	3.4871208064943676e-7	true
17	7591486	-	6	67	0.08955223880597014	8.352820322602293e-8	true
17	7884984	+	7	65	0.1076923076923077	1.8474717806644871e-9	true
17	7910885	+	20	52	0.38461538461538464	1.0956853248302747e-36	true
17	7939621	+	9	42	0.21428571428571427	1.2589555889743348e-14	true
17	9890796	+	20	413	0.048426150121065374	1.577764206533029e-17	true
17	10697299	-	64	188	0.3404255319148936	8.34691085717052e-110	true
17	12992796	-	15	513	0.029239766081871343	1.961537031140612e-10	true
17	12994801	-	13	263	0.049429657794676805	5.058567574791303e-12	true
17	12996607	-	44	187	0.23529411764705882	8.17753386543999e-68	true
17	16068037	-	10	65	0.15384615384615385	1.4958629890952738e-14	true
17	17187365	+	10	30	0.3333333333333333	2.7759038158986437e-18	true
17	19343444	-	8	14	0.5714285714285714	2.9020141010167796e-17	true
17	21002702	-	54	354	0.15254237288135594	9.471069464324376e-72	true
17	22524058	+	8	26	0.3076923076923077	1.4597203050192876e-14	true
17	28345156	+	6	50	0.12	1.3925162213908193e-8	true
17	28634069	-	8	141	0.05673758865248227	2.1430294738641058e-8	true
17	28747665	+	5	23	0.21739130434782608	1.0039027548182326e-8	true
17	29109949	-	9	19	0.47368421052631576	2.784450481082077e-18	true
17	36989364	+	8	61	0.13114754098360656	2.4941987500858116e-11	true
17	39980912	+	40	293	0.13651877133105803	1.4954442600120975e-51	true
17	41619519	-	5	55	0.09090909090909091	9.542138215159836e-7	true
17	41818123	+	9	212	0.04245283018867924	3.499866893012892e-8	true
17	41821810	+	25	159	0.15723270440251572	1.9004554072652565e-34	true
17	41822452	+	17	45	0.37777777777777777	3.092408081328375e-31	true
17	41973628	+	7	129	0.05426356589147287	2.2237793775165218e-7	true
17	41973629	+	7	135	0.05185185185185185	3.029602352803281e-7	true
17	42833546	+	37	134	0.27611940298507465	3.259415688086428e-60	true
17	44323529	-	48	535	0.08971962616822429	1.6720406583504286e-52	true
17	44323543	-	31	732	0.04234972677595628	1.3957040743508027e-24	true
17	44351399	+	10	368	0.02717391304347826	3.900260954816827e-7	true
17	44352244	+	14	408	0.03431372549019608	9.871433099032721e-11	true
17	44876061	-	14	369	0.037940379403794036	2.6467829646448108e-11	true
17	44959969	-	10	77	0.12987012987012986	8.856460867174873e-14	true
17	47649978	+	15	49	0.30612244897959184	4.360844596991416e-26	true
17	47974726	+	6	9	0.6666666666666666	8.224277589813222e-14	false
17	50551110	+	43	68	0.6323529411764706	7.056991095060652e-90	true
17	51166485	+	277	2211	0.1252826775214835	0.0	true
17	58003879	-	36	1126	0.03197158081705151	3.561677144601043e-24	true
17	62664889	+	10	227	0.04405286343612335	4.302769539832892e-9	true
17	62689599	+	118	179	0.659217877094972	3.0014456197776306e-247	true
17	62692371	+	83	198	0.41919191919191917	3.1666676651251026e-151	true
17	66302749	+	29	109	0.26605504587155965	5.306536295772679e-47	true
17	74203926	+	115	5519	0.020837108171770247	2.354753272991783e-54	true
17	75318971	-	60	101	0.594059405940594	2.6172217237279857e-122	true
17	75568364	+	6	9	0.6666666666666666	8.224277589813222e-14	false
17	75835513	-	7	85	0.08235294117647059	1.2395641392161834e-8	true
17	76082266	-	16	37	0.43243243243243246	1.168357368946031e-30	true
17	76949129	+	12	24	0.5	2.544047413411844e-24	true
17	78174187	-	33	299	0.11036789297658862	1.1935408630166292e-39	true
17	78174393	-	10	287	0.03484320557491289	3.948025072992043e-8	true
17	78224554	+	17	1041	0.01633045148895293	7.115454772234832e-8	false
17	78674804	-	18	176	0.10227272727272728	9.998102500655842e-22	true
17	78973115	-	13	611	0.02127659574468085	1.2525406023646505e-7	true
17	81511973	-	21	1016	0.02066929133858268	3.366310243509662e-11	true
17	81550479	-	6	40	0.15	3.4557426730953045e-9	true
17	81596163	-	17	242	0.07024793388429752	8.253405373292233e-18	true
17	81934954	-	12	250	0.048	4.637903589356381e-11	true
17	81935095	-	7	152	0.046052631578947366	6.752438371021605e-7	true
17	82237888	+	32	516	0.06201550387596899	1.9254961736775416e-30	true
17	82418549	+	5	11	0.45454545454545453	1.4225626595529255e-10	true
18	670713	+	9	210	0.04285714285714286	3.226531077512235e-8	true
18	58044416	+	4	13	0.3076923076923077	6.928867313743165e-8	true
18	59345934	-	63	233	0.2703862660944206	1.0944472665496824e-100	true
18	75211786	+	4	21	0.19047619047619047	5.683952522626055e-7	true
19	579647	+	52	2185	0.02379862700228833	3.643657753650155e-28	true
19	590078	+	7	53	0.1320754716981132	4.2281422595208805e-10	true
19	1091818	-	31	601	0.051580698835274545	3.997881008630325e-27	true
19	1244556	+	35	346	0.10115606936416185	1.3572109403281941e-40	true
19	1497279	+	5	14	0.35714285714285715	6.115962946105801e-10	true
19	2271920	+	52	1727	0.030110017371163866	6.214327889835326e-33	true
19	3053908	-	25	693	0.03607503607503607	1.712832749676529e-18	true
19	3062234	-	51	910	0.056043956043956046	2.4924341550919475e-45	true
19	3543648	-	7	41	0.17073170731707318	6.374454002647692e-11	true
19	3544203	-	9	37	0.24324324324324326	3.5627394402414625e-15	true
19	3546280	-	20	247	0.08097165991902834	6.445654919363512e-22	true
19	3573235	+	6	43	0.13953488372093023	5.4443891435429584e-9	true
19	3752870	-	4	22	0.18181818181818182	6.929547933908655e-7	true
19	4013022	+	7	92	0.07608695652173914	2.1580633609289578e-8	true
19	4657676	-	13	437	0.029748283752860413	2.5289621577108856e-9	true
19	5678593	-	21	272	0.07720588235294118	1.6795625134077276e-22	true
19	6742998	+	7	150	0.04666666666666667	6.176698256283826e-7	true
19	7555275	+	20	134	0.14925373134328357	2.1884386077067807e-27	true
19	10356583	-	7	64	0.109375	1.653065804046945e-9	true
19	10393140	-	17	756	0.022486772486772486	6.834744330517478e-10	true
19	12881368	-	13	281	0.046263345195729534	1.1573180023695011e-11	true
19	12896017	+	13	25	0.52	1.5434368542461396e-26	true
19	13135825	+	9	229	0.039301310043668124	6.765575754905006e-8	true
19	13138965	+	12	176	0.06818181818181818	7.594930360797384e-13	true
19	14117619	-	9	184	0.04891304347826087	1.0309091017056038e-8	true
19	14480414	-	98	356	0.2752808988764045	1.6222171887132424e-156	true
19	14482858	-	4	13	0.3076923076923077	6.928867313743165e-8	true
19	14566163	-	9	266	0.03383458646616541	2.39923198621921e-7	true
19	14566839	-	309	698	0.44269340974212035	0.0	true
19	15123441	-	10	165	0.06060606060606061	1.9582031203906702e-10	true
19	15425616	-	9	38	0.23684210526315788	4.655170182688811e-15	true
19	15428495	-	6	41	0.14634146341463414	4.037228067335675e-9	true
19	15429589	-	6	52	0.11538461538461539	1.7744224082531938e-8	true
19	17555935	+	14	277	0.05054151624548736	5.751582672118831e-13	true
19	17581639	+	21	140	0.15	9.975341005504621e-29	true
19	18169404	+	6	46	0.13043478260869565	8.2974190860102e-9	true
19	18169405	+	17	45	0.37777777777777777	3.092408081328375e-31	true
19	18169578	+	7	49	0.14285714285714285	2.3824037443835777e-10	true
19	18169979	+	16	38	0.42105263157894735	2.0120798318439543e-30	true
19	18177233	+	15	677	0.022156573116691284	8.16802918296148e-9	true
19	18434304	+	12	47	0.2553191489361702	4.5969138703748217e-20	true
19	18538229	-	12	331	0.03625377643504532	1.1369050411461702e-9	true
19	18539574	-	18	551	0.032667876588021776	5.059927274258221e-13	true
19	18541924	-	18	708	0.025423728813559324	3.078021973874602e-11	true
19	18907596	-	10	14	0.7142857142857143	9.683269893823735e-23	true
19	19356030	+	9	42	0.21428571428571427	1.2589555889743348e-14	true
19	19528017	+	27	999	0.02702702702702703	9.729566859372394e-17	true
19	19649912	-	7	107	0.06542056074766354	6.163629067606872e-8	true
19	19663425	-	6	35	0.17142857142857143	1.4812398794786601e-9	true
19	24001350	-	4	10	0.4	2.050530051731935e-8	true
19	29615305	+	8	78	0.10256410256410256	1.8934954886834765e-10	true
19	29942324	+	8	48	0.16666666666666666	3.3147150635088916e-12	true
19	33478087	-	6	76	0.07894736842105263	1.7859233763239596e-7	true
19	35383811	+	5	16	0.3125	1.3273885400106992e-9	true
19	35868661	+	9	46	0.1956521739130435	3.0754965735164965e-14	true
19	39433300	-	14	456	0.03070175438596491	4.1681143685276527e-10	true
19	39435626	-	25	818	0.030562347188264057	7.928951958752155e-17	true
19	39489944	+	21	42	0.5	1.5264930334027787e-41	true
19	39974365	+	14	263	0.053231939163498096	2.84749326599913e-13	true
19	40367744	+	21	64	0.328125	1.0909754493061393e-36	true
19	40605137	+	7	24	0.2916666666666667	1.0285037559305076e-12	true
19	40705367	-	29	65	0.4461538461538462	6.670732991725438e-55	true
19	41869138	+	128	6019	0.021265991028410036	2.9088486800716672e-61	true
19	43592497	-	5	26	0.19230769230769232	1.9470980489286987e-8	true
19	44748915	+	6	67	0.08955223880597014	8.352820322602293e-8	true
19	44871926	+	94	126	0.746031746031746	6.117516809813884e-206	true
19	46609461	+	5	16	0.3125	1.3273885400106992e-9	true
19	48330343	+	18	573	0.031413612565445025	9.693098559015731e-13	true
19	48615401	-	12	247	0.048582995951417005	4.034150858974763e-11	true
19	48922459	+	15	408	0.03676470588235294	8.1603562620013e-12	true
19	49464685	+	7	33	0.21212121212121213	1.2383366507159313e-11	true
19	50482504	+	6	60	0.1	4.270238888501666e-8	true
19	51354258	-	18	774	0.023255813953488372	1.282037161641649e-10	true
19	52143040	+	5	11	0.45454545454545453	1.4225626595529255e-10	true
19	54192316	+	36	418	0.0861244019138756	3.750386795074209e-39	true
19	55383848	-	159	178	0.8932584269662921	0.0	true
19	55388259	+	9	224	0.04017857142857143	5.6051787014807777e-8	true
19	55453087	-	4	20	0.2	4.612919749731496e-7	true
19	55453098	-	8	117	0.06837606837606838	4.9373743973209084e-9	true
19	55453234	-	83	555	0.14954954954954955	1.433332003351678e-108	true
19	55641180	+	15	142	0.1056338028169014	1.4379816878304011e-18	true
19	58549490	+	10	142	0.07042253521126761	4.451181988372294e-11	true
19	58549491	+	62	136	0.45588235294117646	2.4409230636319752e-116	true
2	1632859	-	12	382	0.031413612565445025	5.6256216111657905e-9	true
2	1649290	-	163	531	0.3069679849340866	4.219124074823329e-268	true
2	1649445	-	12	232	0.05172413793103448	1.9517135940442717e-11	true
2	27233405	+	14	108	0.12962962962962962	1.0275256848939133e-18	true
2	27409491	-	48	299	0.1605351170568562	4.19637965533021e-65	true
2	28783915	+	52	504	0.10317460317460317	6.00601199820212e-60	true
2	32947248	+	7	10	0.7	3.7066696326671385e-16	true
2	38681295	+	19	67	0.2835820895522388	6.345588138772543e-32	true
2	42048379	+	8	51	0.1568627450980392	5.546598109920214e-12	true
2	46904392	-	13	32	0.40625	1.0100403728518784e-24	true
2	69246032	+	12	189	0.06349206349206349	1.7668178125208666e-12	true
2	74369422	-	11	150	0.07333333333333333	3.0745275524108413e-12	true
2	85398745	-	7	89	0.07865168539325842	1.71142385593825e-8	true
2	96283915	-	16	176	0.09090909090909091	1.2044922656017836e-18	true
2	96832830	+	9	50	0.18	6.91502093947363e-14	true
2	101006418	+	26	1268	0.02050473186119874	2.0049553482116271e-13	true
2	119372426	+	82	433	0.18937644341801385	2.510067596385009e-116	true
2	158666427	+	6	100	0.06	9.12797183408848e-7	true
2	174682843	-	7	57	0.12280701754385964	7.172505981504034e-10	true
2	216113060	+	21	502	0.04183266932270916	4.7129112614026116e-17	true
2	218346196	+	9	23	0.391304347826087	2.4353154732374442e-17	true
2	227164746	+	4	18	0.2222222222222222	2.9281650784341864e-7	true
2	231198804	+	6	13	0.46153846153846156	1.662004264215662e-12	true
2	232522104	+	41	544	0.07536764705882353	5.641014236598963e-42	true
2	232523961	+	19	93	0.20430107526881722	6.98627161720263e-29	true
2	235494372	+	12	51	0.23529411764705882	1.3804714091380165e-19	true
2	240467440	+	6	51	0.11764705882352941	1.5739273397476534e-8	true
2	241229433	-	38	589	0.06451612903225806	1.7535212288983854e-36	true
20	354109	+	9	141	0.06382978723404255	9.973054692480815e-10	true
20	2660031	-	11	276	0.03985507246376811	2.0814702375306943e-9	true
20	3785782	-	14	221	0.06334841628959276	2.6334751878322648e-14	true
20	3866766	+	7	22	0.3181818181818182	5.096071967015493e-13	true
20	33993904	+	9	31	0.2903225806451613	5.872844867443936e-16	true
20	34123048	+	3	6	0.5	6.239027693403851e-7	false
20	35279162	-	22	772	0.02849740932642487	2.2007508746154077e-14	true
20	37198482	+	20	1030	0.019417475728155338	2.857439397134118e-10	false
20	37316501	+	24	139	0.17266187050359713	3.5485144905220994e-34	true
20	41174172	+	12	73	0.1643835616438356	1.4994631674150565e-17	true
20	43699813	+	51	816	0.0625	1.0843180079253091e-47	true
20	43699874	+	43	1512	0.028439153439153438	1.476813287529929e-26	true
20	44724782	+	27	525	0.05142857142857143	8.474027990190691e-24	true
20	45843543	-	15	119	0.12605042016806722	9.312262161194944e-20	true
20	45898064	+	16	242	0.06611570247933884	1.966406974070393e-16	true
20	57709631	-	33	210	0.15714285714285714	5.951818613714722e-45	true
20	57709668	-	18	181	0.09944751381215469	1.6733131193995412e-21	true
20	58671252	+	10	192	0.052083333333333336	8.585419840014602e-10	true
20	58693791	+	11	177	0.062146892655367235	1.862147198645514e-11	true
20	58694498	+	7	138	0.050724637681159424	3.516727237081482e-7	true
20	58889788	+	6	12	0.5	8.973515709155686e-13	true
20	58891385	+	7	16	0.4375	3.4755692047444014e-14	true
20	58891837	+	161	7151	0.022514333659628023	5.040990169621868e-80	true
20	58989960	+	39	526	0.0741444866920152	9.849703117090286e-40	true
20	59193605	+	22	55	0.4	1.1224900360163356e-40	true
20	62064885	-	5	41	0.12195121951219512	2.1325077434667095e-7	true
20	62303047	+	15	592	0.02533783783783784	1.3702022744166594e-9	true
20	62324131	-	9	280	0.03214285714285714	3.684754685262154e-7	true
20	62813612	+	21	195	0.1076923076923077	1.4117568876048286e-25	true
20	62945124	+	29	354	0.08192090395480225	3.1935025855705896e-31	true
20	63521323	+	32	368	0.08695652173913043	4.046087239753287e-35	true
20	63695336	+	5	32	0.15625	5.867498055412403e-8	true
20	63738822	+	12	23	0.5217391304347826	1.2757388388238188e-24	true
21	25734856	-	14	851	0.01645123384253819	8.976421576046867e-7	false
21	34073693	+	15	241	0.06224066390041494	4.131469616724817e-15	true
21	37195882	+	9	110	0.08181818181818182	1.080903842625712e-10	true
21	43331274	-	6	23	0.2608695652173913	9.515987954202169e-11	true
21	43348536	+	5	11	0.45454545454545453	1.4225626595529255e-10	true
21	43694081	+	8	89	0.0898876404494382	5.530407083792191e-10	true
21	43757366	+	9	84	0.10714285714285714	9.225646945291712e-12	true
21	43758133	+	8	63	0.12698412698412698	3.2619089651503616e-11	true
21	43759481	+	9	115	0.0782608695652174	1.613936797429425e-10	true
21	45477439	+	18	76	0.23684210526315788	1.0128838863737053e-28	true
21	45505882	+	5	50	0.1	5.888433994634387e-7	true
21	45530864	-	6	49	0.12244897959183673	1.2287293978877247e-8	true
21	46286072	-	9	58	0.15517241379310345	2.873070330051837e-13	true
21	46411387	+	6	20	0.3	3.683577803553785e-11	true
22	19760952	+	5	26	0.19230769230769232	1.9470980489286987e-8	true
22	19877782	-	4	19	0.21052631578947367	3.699660170974905e-7	true
22	20131893	+	15	21	0.7142857142857143	1.6317718159048203e-33	true
22	20314760	-	5	51	0.09803921568627451	6.511373262097397e-7	true
22	21922954	-	5	36	0.1388888888888889	1.0869593964865284e-7	true
22	23767868	-	160	1269	0.12608353033884948	4.667305903353221e-195	true
22	23834332	+	16	34	0.47058823529411764	2.0178116944459076e-31	true
22	24164531	+	9	35	0.2571428571428571	2.0336206151431846e-15	true
22	28800369	-	6	92	0.06521739130434782	5.57918849953449e-7	true
22	36489835	-	10	54	0.18518518518518517	2.0638026989677976e-15	true
22	37018629	-	6	84	0.07142857142857142	3.249720967018626e-7	true
22	38072502	+	5	35	0.14285714285714285	9.384548807328086e-8	true
22	41620865	-	29	119	0.24369747899159663	9.572541961158295e-46	true
22	46297241	+	8	21	0.38095238095238093	1.9281959107549434e-15	true
22	49960802	+	7	115	0.06086956521739131	1.0130844430089455e-7	true
22	50221361	-	6	7	0.8571428571428571	6.890785421793076e-15	false
22	50290538	-	8	70	0.11428571428571428	7.796561988131522e-11	true
22	50343477	+	12	41	0.2926829268292683	7.071609461269389e-21	true
3	13386321	-	15	138	0.10869565217391304	9.26292122224025e-19	true
3	15051825	-	17	40	0.425	2.52496760766717e-32	true
3	15332525	-	33	370	0.0891891891891892	1.561070556663685e-36	true
3	33114370	+	27	1107	0.024390243902439025	1.1605276466138059e-15	true
3	38165710	+	47	128	0.3671875	5.716710683677786e-83	true
3	38165712	+	12	135	0.08888888888888889	3.148407276791619e-14	true
3	39098424	-	5	27	0.18518518518518517	2.3833467693050688e-8	true
3	39358905	+	4	21	0.19047619047619047	5.683952522626055e-7	true
3	39408706	+	183	561	0.32620320855614976	1.6386867362055203e-306	true
3	42013727	+	6	42	0.14285714285714285	4.6973856505688715e-9	true
3	46999354	+	12	22	0.5454545454545454	6.119179893166169e-25	true
3	47670681	-	9	232	0.03879310344827586	7.557912792882342e-8	true
3	47846241	+	34	250	0.136	5.231094524518353e-44	true
3	48435090	-	17	92	0.18478260869565216	3.434689141658541e-25	true
3	48572673	-	17	58	0.29310344827586204	5.327498952484254e-29	true
3	48575209	-	16	77	0.2077922077922078	1.1014080352697594e-24	true
3	48575673	-	8	112	0.07142857142857142	3.491211138265844e-9	true
3	48587309	-	11	109	0.10091743119266056	8.922266615277035e-14	true
3	48593593	-	7	66	0.10606060606060606	2.060972040127366e-9	true
3	48604272	-	26	580	0.04482758620689655	1.7406238626888736e-21	true
3	48634042	-	7	11	0.6363636363636364	1.016520142110137e-15	true
3	48634989	-	4	7	0.5714285714285714	3.4435514394303108e-9	false
3	49104400	-	49	207	0.23671497584541062	1.7924397803454495e-75	true
3	49123039	-	6	49	0.12244897959183673	1.2287293978877247e-8	true
3	49125857	-	9	61	0.14754098360655737	4.639123387523832e-13	true
3	49681197	+	38	242	0.15702479338842976	1.6809798681629035e-51	true
3	49681764	+	16	216	0.07407407407407407	3.2376992109963565e-17	true
3	50274025	+	19	55	0.34545454545454546	7.642195556941333e-34	true
3	50292314	-	9	294	0.030612244897959183	5.5294280686405e-7	true
3	52527360	-	87	252	0.34523809523809523	2.796866281819814e-149	true
3	53122402	-	11	44	0.25	2.1522528316967215e-18	true
3	72929256	+	5	12	0.4166666666666667	2.4322691908699043e-10	true
3	124796698	-	8	181	0.04419889502762431	1.4786464489687301e-7	true
3	128726260	+	18	541	0.033271719038817	3.72931318700578e-13	true
3	130746539	-	5	10	0.5	7.779882335847343e-11	true
3	133573922	+	17	181	0.09392265193370165	5.811988055086543e-20	true
3	150546246	-	126	625	0.2016	1.6876385386024615e-181	true
3	179323201	+	5	53	0.09433962264150944	7.912866652026047e-7	true
3	184303425	+	20	465	0.043010752688172046	1.5253410811400307e-16	true
3	184306113	+	17	697	0.024390243902439025	2.01377567832846e-10	true
3	184317335	+	16	370	0.043243243243243246	1.4331069960487883e-13	true
3	184317763	+	29	501	0.05788423153692615	6.869424817901732e-27	true
3	184327684	+	13	312	0.041666666666666664	4.239147729437859e-11	true
4	523764	+	19	88	0.2159090909090909	2.1981626269142913e-29	true
4	1172546	-	6	39	0.15384615384615385	2.945332391946889e-9	true
4	1242236	-	7	17	0.4117647058823529	5.892160853588229e-14	true
4	1245321	-	20	21	0.9523809523809523	2.004788254610007e-49	true
4	1246182	-	6	21	0.2857142857142857	5.1430720910805735e-11	true
4	1841410	-	28	204	0.13725490196078433	1.2090289466659456e-36	true
4	1979040	+	10	142	0.07042253521126761	4.451181988372294e-11	true
4	2042462	+	18	715	0.025174825174825177	3.6063888220064266e-11	true
4	2933875	-	9	97	0.09278350515463918	3.451799048312207e-11	true
4	3512837	-	11	229	0.048034934497816595	2.931625528631649e-10	true
4	8415777	-	9	21	0.42857142857142855	8.80938127955167e-18	true
4	8606751	+	13	33	0.3939393939393939	1.661684915505837e-24	true
4	10077808	-	22	401	0.05486284289276808	2.7920168156325736e-20	true
4	25234097	+	13	67	0.19402985074626866	6.657545261648634e-20	true
4	25782409	-	9	131	0.06870229007633588	5.185225607133841e-10	true
4	57033261	-	266	2786	0.09547738693467336	7.644441129638945e-290	true
4	57110105	-	43	565	0.07610619469026549	4.0213055883237874e-44	true
4	70839804	-	7	160	0.04375	9.52665854592531e-7	true
4	75936208	-	37	59	0.6271186440677966	2.444892209326679e-77	true
4	86594692	+	4	13	0.3076923076923077	6.928867313743165e-8	true
4	145180481	-	4	21	0.19047619047619047	5.683952522626055e-7	true
5	473471	+	5	6	0.8333333333333334	1.8719611733236437e-12	false
5	1341757	-	20	885	0.022598870056497175	2.0556128462278566e-11	true
5	6599910	-	75	342	0.21929824561403508	8.187896229901812e-112	true
5	6714484	+	9	76	0.11842105263157894	3.652257077062009e-12	true
5	10250404	+	64	2545	0.025147347740667975	1.270226234792986e-35	true
5	16465525	-	9	150	0.06	1.7239740058036557e-9	true
5	16710941	-	11	241	0.04564315352697095	5.028459735266364e-10	true
5	17276739	+	4	19	0.21052631578947367	3.699660170974905e-7	true
5	38934736	+	8	38	0.21052631578947367	4.4180054695874265e-13	true
5	43496274	-	4	16	0.25	1.7504027933823147e-7	true
5	74685443	+	32	278	0.11510791366906475	4.225953811634705e-39	true
5	80651370	-	7	18	0.3888888888888889	9.615108734618542e-14	true
5	82276066	-	26	470	0.05531914893617021	8.959623195934492e-24	true
5	93584392	+	6	30	0.2	5.492351152827022e-10	true
5	95794873	+	32	132	0.24242424242424243	3.1271045123047385e-50	true
5	102866172	+	11	147	0.07482993197278912	2.4638645970688534e-12	true
5	103025223	+	8	134	0.05970149253731343	1.4385878269282299e-8	true
5	113513872	+	14	67	0.208955223880597	8.120091250163649e-22	true
5	127179868	-	5	12	0.4166666666666667	2.4322691908699043e-10	true
5	134794914	+	16	214	0.07476635514018691	2.791292021154641e-17	true
5	135343361	-	6	31	0.1935483870967742	6.792120493081815e-10	true
5	140567661	+	20	72	0.2777777777777778	2.5551848680527532e-33	true
5	140677060	-	33	301	0.10963455149501661	1.496982361027666e-39	true
5	140705974	+	19	305	0.06229508196721312	9.498433144849255e-19	true
5	141637384	+	4	10	0.4	2.050530051731935e-8	true
5	142137830	+	12	368	0.03260869565217391	3.717795209120045e-9	true
5	142144615	+	10	291	0.03436426116838488	4.492548655346786e-8	true
5	150125482	-	40	137	0.291970802919708	4.3424982797466447e-66	true
5	150375161	+	38	302	0.12582781456953643	1.1950285799974304e-47	true
5	150648181	+	13	73	0.1780821917808219	2.224269615768905e-19	true
5	151122946	-	31	538	0.05762081784386617	1.4248782488108567e-28	true
5	160427856	+	8	143	0.055944055944055944	2.3921373563692905e-8	true
5	176389544	+	51	924	0.05519480519480519	5.315327304373544e-45	true
5	176507979	+	34	190	0.17894736842105263	2.525565747683718e-48	true
5	177093251	+	4	20	0.2	4.612919749731496e-7	true
5	177097802	+	44	86	0.5116279069767442	5.178516397544768e-86	true
5	177331690	-	18	232	0.07758620689655173	1.526147883406577e-19	true
5	177447207	+	7	7	1.0	3.114617413352018e-18	false
5	177455797	+	14	226	0.061946902654867256	3.583377319558191e-14	true
5	177595649	+	55	580	0.09482758620689655	2.9992925606434424e-61	true
5	179606766	+	4	7	0.5714285714285714	3.4435514394303108e-9	false
5	179803367	-	9	11	0.8181818181818182	1.695949294419446e-21	true
5	179811580	+	7	67	0.1044776119402985	2.295081273154445e-9	true
5	181204888	-	8	90	0.08888888888888889	6.052983204851212e-10	true
5	181234609	+	7	80	0.0875	8.0885240926454e-9	true
6	2953177	-	28	760	0.03684210526315789	9.224579351758982e-21	true
6	7882257	-	24	836	0.028708133971291867	1.2743081032106727e-15	true
6	17794275	-	10	89	0.11235955056179775	3.9664685639732275e-13	true
6	24495100	+	10	31	0.3225806451612903	4.086013722612949e-18	true
6	27230580	-	4	12	0.3333333333333333	4.809037524617614e-8	true
6	29887962	+	9	44	0.20454545454545456	1.9902919281072337e-14	true
6	31271861	-	9	105	0.08571428571428572	7.095231325458909e-11	true
6	31356950	-	11	142	0.07746478873239436	1.6848287386768828e-12	true
6	31635141	+	12	335	0.03582089552238806	1.30120909500737e-9	true
6	31644134	-	27	144	0.1875	2.68102936300458e-39	true
6	31728502	-	13	114	0.11403508771929824	9.907757453519057e-17	true
6	31859740	-	15	132	0.11363636363636363	4.663249052021826e-19	true
6	32149549	-	4	18	0.2222222222222222	2.9281650784341864e-7	true
6	32837983	-	10	71	0.14084507042253522	3.7925023990394447e-14	true
6	32853166	-	19	58	0.3275862068965517	2.557106016114365e-33	true
6	33193931	-	5	25	0.2	1.5767960562630634e-8	true
6	33313750	-	7	103	0.06796116504854369	4.7352084957401797e-8	true
6	37483117	-	12	83	0.14457831325301204	7.672016224142458e-17	true
6	41099102	+	10	44	0.22727272727272727	2.2021584340438285e-16	true
6	42989628	+	25	101	0.24752475247524752	7.66338858804608e-40	true
6	43188634	+	4	10	0.4	2.050530051731935e-8	true
6	43225784	-	12	344	0.03488372093023256	1.7517361841160217e-9	true
6	43505061	+	17	27	0.6296296296296297	2.4955875483022673e-36	true
6	87085631	-	50	1118	0.044722719141323794	9.391251134958851e-40	true
6	109791491	+	4	12	0.3333333333333333	4.809037524617614e-8	true
6	111873198	-	33	195	0.16923076923076924	4.347970321907932e-46	true
6	149843114	-	20	115	0.17391304347826086	8.374109807085498e-29	true
6	150936916	+	14	197	0.07106598984771574	5.3635137578570384e-15	true
7	726927	+	17	200	0.085	3.2331990075655644e-19	true
7	726928	+	14	200	0.07	6.61701395571908e-15	true
7	997377	-	26	499	0.052104208416833664	4.056956859866929e-23	true
7	1479582	-	24	97	0.24742268041237114	2.6383978540461e-38	true
7	2543757	-	10	121	0.08264462809917356	9.004433151655e-12	true
7	4791534	+	18	24	0.75	1.2713694682952322e-40	true
7	10974236	+	33	66	0.5	1.9206696326323768e-64	true
7	24650533	+	7	101	0.06930693069306931	4.133213354682153e-8	true
7	30028437	+	5	42	0.11904761904761904	2.414336647110091e-7	true
7	32957582	+	7	100	0.07	3.857358685148384e-8	true
7	32957583	+	6	100	0.06	9.12797183408848e-7	true
7	44059576	+	35	236	0.1483050847457627	1.2133820467906734e-46	true
7	44757899	+	4	22	0.18181818181818182	6.929547933908655e-7	true
7	44802800	+	20	217	0.09216589861751152	4.7284237336221117e-23	true
7	56079825	+	13	215	0.06046511627906977	3.9577225008771005e-13	true
7	73683253	-	7	52	0.1346153846153846	3.679848120518713e-10	true
7	74657877	+	11	77	0.14285714285714285	1.7043117012119388e-15	true
7	75066792	-	10	257	0.038910505836575876	1.399370748618227e-8	true
7	75073532	-	32	110	0.2909090909090909	3.915497570337946e-53	true
7	76005279	-	17	50	0.34	2.7197929159741187e-30	true
7	76064815	+	24	602	0.03986710963455149	8.566602735406889e-19	true
7	100101347	-	15	600	0.025	1.6407978963633109e-9	true
7	100827208	-	18	93	0.1935483870967742	5.595655931268142e-27	true
7	100827375	-	4	22	0.18181818181818182	6.929547933908655e-7	true
7	100868683	+	13	148	0.08783783783783784	3.1578802862017624e-15	true
7	100881346	+	100	200	0.5	5.330537615372609e-192	true
7	100882207	+	10	269	0.03717472118959108	2.1514190966916698e-8	true
7	101206390	-	22	134	0.16417910447761194	6.103191520454771e-31	true
7	101212316	-	20	165	0.12121212121212122	1.7148519221568061e-25	true
7	101816834	+	5	11	0.45454545454545453	1.4225626595529255e-10	true
7	102178565	+	10	102	0.09803921568627451	1.600750353322508e-12	true
7	107986264	-	31	145	0.21379310344827587	8.025367056659657e-47	true
7	134293043	-	12	14	0.8571428571428571	8.814578868020011e-29	true
7	140041749	-	10	12	0.8333333333333334	6.421358721371064e-24	true
7	149879459	+	15	74	0.20270270270270271	4.6882267490518015e-23	true
7	149880292	+	14	65	0.2153846153846154	5.090746267800384e-22	true
7	151074485	+	9	286	0.03146853146853147	4.3967048959540756e-7	true
7	151238232	+	7	21	0.3333333333333333	3.484208473680944e-13	true
7	158829236	-	35	128	0.2734375	7.105926609772612e-57	true
8	19757317	-	10	15	0.6666666666666666	2.896648632644941e-22	true
8	22197326	+	14	93	0.15053763440860216	1.1399132736009766e-19	true
8	23297659	-	15	120	0.125	1.0611141026527094e-19	true
8	23360204	-	9	161	0.055900621118012424	3.2137153710007436e-9	true
8	27597999	-	12	471	0.025477707006369428	5.5492341427955036e-8	true
8	27598128	-	98	781	0.12548015364916773	5.3063834386396225e-120	true
8	30727888	-	8	24	0.3333333333333333	6.910603204173234e-15	true
8	65841637	-	6	19	0.3157894736842105	2.5854921613941187e-11	true
8	100721470	-	40	286	0.13986013986013987	5.406399031976071e-52	true
8	124372193	-	9	49	0.1836734693877551	5.686447274556321e-14	true
8	132013007	+	7	62	0.11290322580645161	1.315915635719405e-9	true
8	143334814	-	4	21	0.19047619047619047	5.683952522626055e-7	true
8	143593758	-	18	21	0.8571428571428571	1.267627762806488e-42	true
8	143594449	-	8	12	0.6666666666666666	4.810482716641436e-18	true
8	143596123	-	13	21	0.6190476190476191	6.1108310278913735e-28	true
8	143612729	-	7	66	0.10606060606060606	2.060972040127366e-9	true
8	143792822	-	22	144	0.1527777777777778	3.297454509565338e-30	true
8	143990309	+	6	47	0.1276595744680851	9.486008499610895e-9	true
8	144085349	+	28	154	0.18181818181818182	2.737330953117824e-40	true
8	144356996	-	15	62	0.24193548387096775	2.478224874165087e-24	true
8	144467296	+	8	12	0.6666666666666666	4.810482716641436e-18	true
8	144547517	-	4	20	0.2	4.612919749731496e-7	true
9	20620810	-	32	56	0.5714285714285714	3.7748612790790536e-65	true
9	33246641	+	7	76	0.09210526315789473	5.6281601724189965e-9	true
9	35079935	-	6	18	0.3333333333333333	1.7738152396908705e-11	true
9	68940660	+	10	57	0.17543859649122806	3.69221382137935e-15	true
9	72365073	-	18	139	0.12949640287769784	1.2423886792795132e-23	true
9	85655279	-	6	33	0.18181818181818182	1.016209360642059e-9	true
9	92242191	-	5	55	0.09090909090909091	9.542138215159836e-7	true
9	93451481	-	9	42	0.21428571428571427	1.2589555889743348e-14	true
9	95317680	-	5	16	0.3125	1.3273885400106992e-9	true
9	95317682	-	6	15	0.4	4.8213373507732505e-12	true
9	96645968	-	5	27	0.18518518518518517	2.3833467693050688e-8	true
9	97985036	+	3	6	0.5	6.239027693403851e-7	false
9	120860095	-	10	77	0.12987012987012986	8.856460867174873e-14	true
9	122394167	+	6	25	0.24	1.660462053605204e-10	true
9	125438839	-	10	247	0.04048582995951417	9.611977353216873e-9	true
9	127473865	+	6	47	0.1276595744680851	9.486008499610895e-9	true
9	127506470	-	190	206	0.9223300970873787	0.0	true
9	127872786	-	16	314	0.050955414012738856	1.153699374752132e-14	true
9	127912567	-	9	243	0.037037037037037035	1.1196943362788174e-7	true
9	128325789	+	6	84	0.07142857142857142	3.249720967018626e-7	true
9	128326309	+	3	5	0.6	3.126911555892542e-7	false
9	128390086	+	29	229	0.12663755458515283	7.799188151157293e-37	true
9	128390369	+	8	190	0.042105263157894736	2.1420429010556767e-7	true
9	129014866	-	9	183	0.04918032786885246	9.832620465769118e-9	true
9	129148138	+	22	365	0.06027397260273973	3.704259159725768e-21	true
9	129489794	+	6	13	0.46153846153846156	1.662004264215662e-12	true
9	130903681	-	19	43	0.4418604651162791	2.260247113507909e-36	true
9	131259314	-	7	21	0.3333333333333333	3.484208473680944e-13	true
9	133108754	-	19	55	0.34545454545454546	7.642195556941333e-34	true
9	134730316	+	11	192	0.057291666666666664	4.474882303348792e-11	true
9	134796416	+	14	227	0.06167400881057269	3.8076900960903034e-14	true
9	134842988	+	10	332	0.030120481927710843	1.5228331348220382e-7	true
9	136410458	-	17	24	0.7083333333333334	1.0330383573892057e-37	true
9	136475541	-	6	100	0.06	9.12797183408848e-7	true
9	136862174	-	15	702	0.021367521367521368	1.3148985003097505e-8	true
9	136887619	+	9	31	0.2903225806451613	5.872844867443936e-16	true
9	136940953	-	54	175	0.30857142857142855	3.6772282314749486e-90	true
9	136944235	-	4	19	0.21052631578947367	3.699660170974905e-7	true
9	137045807	-	5	19	0.2631578947368421	3.5058481406495376e-9	true
9	137070436	-	34	88	0.38636363636363635	2.141876263413673e-61	true
9	137109012	+	10	76	0.13157894736842105	7.728405062362719e-14	true
9	137113903	-	14	423	0.03309692671394799	1.5787351890358583e-10	true
9	137272216	+	18	124	0.14516129032258066	1.437189508496446e-24	true
9	137272982	+	8	216	0.037037037037037035	5.660314064592196e-7	true
9	137273031	+	8	103	0.07766990291262135	1.7902578727551312e-9	true
9	137281001	+	47	68	0.6911764705882353	5.022755196568026e-101	true
9	137605831	+	6	51	0.11764705882352941	1.5739273397476534e-8	true
MT	3279	+	17	555	0.03063063063063063	6.065730485119746e-12	true
MT	7912	-	18	449	0.0400890868596882	1.61377075998603e-14	true
MT	12239	+	143	165	0.8666666666666667	0.0	true
MT	12240	+	152	163	0.9325153374233128	0.0	true
MT	12241	+	149	160	0.93125	0.0	true
MT	13885	+	5	33	0.15151515151515152	6.897118969581725e-8	true
X	9719253	+	8	86	0.09302325581395349	4.190022913006644e-10	true
X	24077265	+	57	340	0.1676470588235294	3.883183503968044e-78	true
X	34657108	-	5	14	0.35714285714285715	6.115962946105801e-10	true
X	44873351	+	13	48	0.2708333333333333	5.352492517196491e-22	true
X	48957282	-	5	37	0.13513513513513514	1.253499807546862e-7	true
X	53082509	+	5	42	0.11904761904761904	2.414336647110091e-7	true
X	74409881	+	4	8	0.5	6.869722994141171e-9	false
X	108681886	+	4	18	0.2222222222222222	2.9281650784341864e-7	true
X	110317892	-	8	8	1.0	9.827940594005348e-21	false
X	153700859	-	5	34	0.14705882352941177	8.065059547416622e-8	true
X	153862849	-	11	371	0.029649595687331536	4.3195735209592364e-8	true
X	154361371	-	18	571	0.03152364273204904	9.14749472921282e-13	true
X	154450516	+	56	575	0.09739130434782609	5.42767276767266e-63	true
X	154488508	-	18	77	0.23376623376623376	1.3179496137036317e-28	true
